source_id,hospital_name,description,code,code_type,setting,charge_scope,charge_type,payer_name,plan_name,amount,currency,rate_unit,rate_method,allowed_count,source_url,file_date,source_record_locator
lewisgale_montgomery_2026_09_01,LewisGale Hospital Montgomery,CHEST XRAY 2 V,71046,CPT,outpatient,unknown,gross,,,1187.00,USD,,,,https://stctrprodsnsvc00455826e6.blob.core.windows.net/pt-final-posting-files/54-0889154_LEWISGALE-HOSPITAL-MONTGOMERY_standardcharges.json?si=dpx-pt-json-access-policy&spr=https&sv=2026-02-06&sr=c&sig=ks%2BgfAjyEHlZmeP2PYJ%2f9NpMuCoRStjTb2bhIy9Y6LM%3D,2026-09-01,/standard_charge_information/205871/standard_charges/0/gross_charge (CPT 71046; CDM 80391)
lewisgale_montgomery_2026_09_01,LewisGale Hospital Montgomery,CHEST XRAY 2 V,71046,CPT,outpatient,unknown,discounted_cash,,,1187.00,USD,,,,https://stctrprodsnsvc00455826e6.blob.core.windows.net/pt-final-posting-files/54-0889154_LEWISGALE-HOSPITAL-MONTGOMERY_standardcharges.json?si=dpx-pt-json-access-policy&spr=https&sv=2026-02-06&sr=c&sig=ks%2BgfAjyEHlZmeP2PYJ%2f9NpMuCoRStjTb2bhIy9Y6LM%3D,2026-09-01,/standard_charge_information/205871/standard_charges/0/discounted_cash (CPT 71046; CDM 80391)
lewisgale_montgomery_2026_09_01,LewisGale Hospital Montgomery,CHEST XRAY 2 V,71046,CPT,outpatient,unknown,payer_negotiated,Cigna,NPR,206.54,USD,,percentage_of_gross,,https://stctrprodsnsvc00455826e6.blob.core.windows.net/pt-final-posting-files/54-0889154_LEWISGALE-HOSPITAL-MONTGOMERY_standardcharges.json?si=dpx-pt-json-access-policy&spr=https&sv=2026-02-06&sr=c&sig=ks%2BgfAjyEHlZmeP2PYJ%2f9NpMuCoRStjTb2bhIy9Y6LM%3D,2026-09-01,/standard_charge_information/205871/standard_charges/0/payers_information/2/standard_charge_dollar
lewisgale_montgomery_2026_09_01,LewisGale Hospital Montgomery,COMP METABOLIC PANEL,80053,CPT,outpatient,unknown,gross,,,860.00,USD,,,,https://stctrprodsnsvc00455826e6.blob.core.windows.net/pt-final-posting-files/54-0889154_LEWISGALE-HOSPITAL-MONTGOMERY_standardcharges.json?si=dpx-pt-json-access-policy&spr=https&sv=2026-02-06&sr=c&sig=ks%2BgfAjyEHlZmeP2PYJ%2f9NpMuCoRStjTb2bhIy9Y6LM%3D,2026-09-01,/standard_charge_information/118225/standard_charges/0/gross_charge (CPT 80053; CDM 36933)
lewisgale_montgomery_2026_09_01,LewisGale Hospital Montgomery,COMP METABOLIC PANEL,80053,CPT,outpatient,unknown,discounted_cash,,,860.00,USD,,,,https://stctrprodsnsvc00455826e6.blob.core.windows.net/pt-final-posting-files/54-0889154_LEWISGALE-HOSPITAL-MONTGOMERY_standardcharges.json?si=dpx-pt-json-access-policy&spr=https&sv=2026-02-06&sr=c&sig=ks%2BgfAjyEHlZmeP2PYJ%2f9NpMuCoRStjTb2bhIy9Y6LM%3D,2026-09-01,/standard_charge_information/118225/standard_charges/0/discounted_cash (CPT 80053; CDM 36933)
lewisgale_montgomery_2026_09_01,LewisGale Hospital Montgomery,CT ABD&PELVIS W/CONT,74177,CPT,outpatient,unknown,gross,,,7056.00,USD,,,,https://stctrprodsnsvc00455826e6.blob.core.windows.net/pt-final-posting-files/54-0889154_LEWISGALE-HOSPITAL-MONTGOMERY_standardcharges.json?si=dpx-pt-json-access-policy&spr=https&sv=2026-02-06&sr=c&sig=ks%2BgfAjyEHlZmeP2PYJ%2f9NpMuCoRStjTb2bhIy9Y6LM%3D,2026-09-01,/standard_charge_information/118524/standard_charges/0/gross_charge (CPT 74177; CDM 74867)
lewisgale_montgomery_2026_09_01,LewisGale Hospital Montgomery,CT ABD&PELVIS W/CONT,74177,CPT,outpatient,unknown,discounted_cash,,,7056.00,USD,,,,https://stctrprodsnsvc00455826e6.blob.core.windows.net/pt-final-posting-files/54-0889154_LEWISGALE-HOSPITAL-MONTGOMERY_standardcharges.json?si=dpx-pt-json-access-policy&spr=https&sv=2026-02-06&sr=c&sig=ks%2BgfAjyEHlZmeP2PYJ%2f9NpMuCoRStjTb2bhIy9Y6LM%3D,2026-09-01,/standard_charge_information/118524/standard_charges/0/discounted_cash (CPT 74177; CDM 74867)
lewisgale_montgomery_2026_09_01,LewisGale Hospital Montgomery,LVL 4 EMER DEPT,99284,CPT,outpatient,unknown,gross,,,3135.00,USD,,,,https://stctrprodsnsvc00455826e6.blob.core.windows.net/pt-final-posting-files/54-0889154_LEWISGALE-HOSPITAL-MONTGOMERY_standardcharges.json?si=dpx-pt-json-access-policy&spr=https&sv=2026-02-06&sr=c&sig=ks%2BgfAjyEHlZmeP2PYJ%2f9NpMuCoRStjTb2bhIy9Y6LM%3D,2026-09-01,/standard_charge_information/112137/standard_charges/0/gross_charge (CPT 99284; CDM 46091)
lewisgale_montgomery_2026_09_01,LewisGale Hospital Montgomery,LVL 4 EMER DEPT,99284,CPT,outpatient,unknown,discounted_cash,,,3135.00,USD,,,,https://stctrprodsnsvc00455826e6.blob.core.windows.net/pt-final-posting-files/54-0889154_LEWISGALE-HOSPITAL-MONTGOMERY_standardcharges.json?si=dpx-pt-json-access-policy&spr=https&sv=2026-02-06&sr=c&sig=ks%2BgfAjyEHlZmeP2PYJ%2f9NpMuCoRStjTb2bhIy9Y6LM%3D,2026-09-01,/standard_charge_information/112137/standard_charges/0/discounted_cash (CPT 99284; CDM 46091)
lewisgale_montgomery_2026_09_01,LewisGale Hospital Montgomery,LVL 5 EMER DEPT,99285,CPT,outpatient,unknown,gross,,,5204.00,USD,,,,https://stctrprodsnsvc00455826e6.blob.core.windows.net/pt-final-posting-files/54-0889154_LEWISGALE-HOSPITAL-MONTGOMERY_standardcharges.json?si=dpx-pt-json-access-policy&spr=https&sv=2026-02-06&sr=c&sig=ks%2BgfAjyEHlZmeP2PYJ%2f9NpMuCoRStjTb2bhIy9Y6LM%3D,2026-09-01,/standard_charge_information/202806/standard_charges/0/gross_charge (CPT 99285; CDM 46092)
lewisgale_montgomery_2026_09_01,LewisGale Hospital Montgomery,LVL 5 EMER DEPT,99285,CPT,outpatient,unknown,discounted_cash,,,5204.00,USD,,,,https://stctrprodsnsvc00455826e6.blob.core.windows.net/pt-final-posting-files/54-0889154_LEWISGALE-HOSPITAL-MONTGOMERY_standardcharges.json?si=dpx-pt-json-access-policy&spr=https&sv=2026-02-06&sr=c&sig=ks%2BgfAjyEHlZmeP2PYJ%2f9NpMuCoRStjTb2bhIy9Y6LM%3D,2026-09-01,/standard_charge_information/202806/standard_charges/0/discounted_cash (CPT 99285; CDM 46092)
carilion_nrv_2025_12_15,Carilion New River Valley Medical Center,HB XR CHEST 2 VIEWS,71046,CPT,outpatient,unknown,gross,,,415.00,USD,,,,https://www.carilionclinic.org/540553805_carilion-new-river-valley-medical-center_standardcharges.csv,2025-12-15,CSV physical row 2396; code|1=CPT:71046; code|2=Local:70002159; column=standard_charge|gross
carilion_nrv_2025_12_15,Carilion New River Valley Medical Center,HB XR CHEST 2 VIEWS,71046,CPT,outpatient,unknown,discounted_cash,,,145.25,USD,,,,https://www.carilionclinic.org/540553805_carilion-new-river-valley-medical-center_standardcharges.csv,2025-12-15,CSV physical row 2396; code|1=CPT:71046; code|2=Local:70002159; column=standard_charge|discounted_cash
carilion_nrv_2025_12_15,Carilion New River Valley Medical Center,HB COMPREHENSIVE METABOLIC PAN,80053,CPT,outpatient,unknown,gross,,,487.00,USD,,,,https://www.carilionclinic.org/540553805_carilion-new-river-valley-medical-center_standardcharges.csv,2025-12-15,CSV physical row 4619; code|1=CPT:80053; code|2=Local:86205309; column=standard_charge|gross
carilion_nrv_2025_12_15,Carilion New River Valley Medical Center,HB COMPREHENSIVE METABOLIC PAN,80053,CPT,outpatient,unknown,discounted_cash,,,170.45,USD,,,,https://www.carilionclinic.org/540553805_carilion-new-river-valley-medical-center_standardcharges.csv,2025-12-15,CSV physical row 4619; code|1=CPT:80053; code|2=Local:86205309; column=standard_charge|discounted_cash
carilion_nrv_2025_12_15,Carilion New River Valley Medical Center,HB CT ABDOMEN AND PELVIS W CONT,74177,CPT,outpatient,unknown,gross,,,4406.00,USD,,,,https://www.carilionclinic.org/540553805_carilion-new-river-valley-medical-center_standardcharges.csv,2025-12-15,CSV physical row 1035; code|1=CPT:74177; code|2=Local:70418884; column=standard_charge|gross
carilion_nrv_2025_12_15,Carilion New River Valley Medical Center,HB CT ABDOMEN AND PELVIS W CONT,74177,CPT,outpatient,unknown,discounted_cash,,,1542.10,USD,,,,https://www.carilionclinic.org/540553805_carilion-new-river-valley-medical-center_standardcharges.csv,2025-12-15,CSV physical row 1035; code|1=CPT:74177; code|2=Local:70418884; column=standard_charge|discounted_cash
carilion_nrv_2025_12_15,Carilion New River Valley Medical Center,HB ER VISIT LEVEL 4,99284,CPT,outpatient,unknown,gross,,,2178.00,USD,,,,https://www.carilionclinic.org/540553805_carilion-new-river-valley-medical-center_standardcharges.csv,2025-12-15,CSV physical row 1291; code|1=CPT:99284; code|2=Local:12404034; column=standard_charge|gross
carilion_nrv_2025_12_15,Carilion New River Valley Medical Center,HB ER VISIT LEVEL 4,99284,CPT,outpatient,unknown,discounted_cash,,,762.30,USD,,,,https://www.carilionclinic.org/540553805_carilion-new-river-valley-medical-center_standardcharges.csv,2025-12-15,CSV physical row 1291; code|1=CPT:99284; code|2=Local:12404034; column=standard_charge|discounted_cash
carilion_nrv_2025_12_15,Carilion New River Valley Medical Center,HB ER VISIT LEVEL 5,99285,CPT,outpatient,unknown,gross,,,3315.00,USD,,,,https://www.carilionclinic.org/540553805_carilion-new-river-valley-medical-center_standardcharges.csv,2025-12-15,CSV physical row 5169; code|1=CPT:99285; code|2=Local:12410031; column=standard_charge|gross
carilion_nrv_2025_12_15,Carilion New River Valley Medical Center,HB ER VISIT LEVEL 5,99285,CPT,outpatient,unknown,discounted_cash,,,1160.25,USD,,,,https://www.carilionclinic.org/540553805_carilion-new-river-valley-medical-center_standardcharges.csv,2025-12-15,CSV physical row 5169; code|1=CPT:99285; code|2=Local:12410031; column=standard_charge|discounted_cash
